{"cameraMode":{"drawMode":0,"name":"Shaded","section":"Shading Mode"},"sceneLighting":false,"audioPlay":false,"sceneViewState":{"m_AlwaysRefresh":false,"showFog":true,"showSkybox":false,"showFlares":true,"showImageEffects":true,"showParticleSystems":true,"showVisualEffectGraphs":true,"m_FxEnabled":true},"in2DMode":false,"pivot":{"x":0.7811935544013977,"y":1.1249996423721314,"z":17.119998931884767},"rotation":{"x":0.18998804688453675,"y":0.45416122674942019,"z":-0.09986748546361923,"w":0.8647313117980957},"size":1.5607930421829224,"orthographic":false}