{"cameraMode":{"drawMode":0,"name":"Shaded","section":"Shading Mode"},"sceneLighting":false,"audioPlay":false,"sceneViewState":{"m_AlwaysRefresh":false,"showFog":true,"showSkybox":false,"showFlares":true,"showImageEffects":true,"showParticleSystems":true,"showVisualEffectGraphs":true,"m_FxEnabled":true},"in2DMode":false,"pivot":{"x":-2.405244827270508,"y":-0.020830154418945314,"z":9.301702499389649},"rotation":{"x":0.2740909457206726,"y":0.033750101923942569,"z":-0.009706630371510983,"w":0.9611101150512695},"size":10.23827075958252,"orthographic":false}