{"cameraMode":{"drawMode":0,"name":"Shaded","section":"Shading Mode"},"sceneLighting":false,"audioPlay":false,"sceneViewState":{"m_AlwaysRefresh":false,"showFog":true,"showSkybox":false,"showFlares":true,"showImageEffects":true,"showParticleSystems":true,"showVisualEffectGraphs":true,"m_FxEnabled":true},"in2DMode":false,"pivot":{"x":10.642242431640625,"y":1.1408395767211915,"z":-1.2569363117218018},"rotation":{"x":0.06179942935705185,"y":0.9258788824081421,"z":-0.32994014024734499,"w":0.1736370027065277},"size":0.6209167242050171,"orthographic":false}