{"cameraMode":{"drawMode":0,"name":"Shaded","section":"Shading Mode"},"sceneLighting":false,"audioPlay":false,"sceneViewState":{"m_AlwaysRefresh":false,"showFog":true,"showSkybox":false,"showFlares":true,"showImageEffects":true,"showParticleSystems":true,"showVisualEffectGraphs":true,"m_FxEnabled":true},"in2DMode":false,"pivot":{"x":0.00154978409409523,"y":0.0028937840834259989,"z":-0.0015228195115923882},"rotation":{"x":0.14603975415229798,"y":0.6041720509529114,"z":-0.11396295577287674,"w":0.7750909924507141},"size":0.008181694895029068,"orthographic":false}