{"cameraMode":{"drawMode":0,"name":"Shaded","section":"Shading Mode"},"sceneLighting":false,"audioPlay":false,"sceneViewState":{"m_AlwaysRefresh":false,"showFog":true,"showSkybox":false,"showFlares":true,"showImageEffects":true,"showParticleSystems":true,"showVisualEffectGraphs":true,"m_FxEnabled":true},"in2DMode":false,"pivot":{"x":8.197423934936524,"y":1.8577226400375367,"z":-0.7259111404418945},"rotation":{"x":0.12816689908504487,"y":0.46557992696762087,"z":-0.06844640523195267,"w":0.8730311393737793},"size":0.11959965527057648,"orthographic":false}