{"cameraMode":{"drawMode":0,"name":"Shaded","section":"Shading Mode"},"sceneLighting":false,"audioPlay":false,"sceneViewState":{"m_AlwaysRefresh":false,"showFog":true,"showSkybox":false,"showFlares":true,"showImageEffects":true,"showParticleSystems":true,"showVisualEffectGraphs":true,"m_FxEnabled":true},"in2DMode":false,"pivot":{"x":-0.6690000295639038,"y":0.9549999833106995,"z":0.09059999883174896},"rotation":{"x":-0.26981714367866518,"y":0.43372485041618349,"z":-0.13782110810279847,"w":-0.848601758480072},"size":0.029829325154423715,"orthographic":false}